-- phpMyAdmin SQL Dump
-- version 5.2.0
-- https://www.phpmyadmin.net/
--
-- Host: localhost:8889
-- Generation Time: Nov 29, 2023 at 07:03 AM
-- Server version: 5.7.39
-- PHP Version: 8.2.0

SET SQL_MODE = "NO_AUTO_VALUE_ON_ZERO";
START TRANSACTION;
SET time_zone = "+00:00";


/*!40101 SET @OLD_CHARACTER_SET_CLIENT=@@CHARACTER_SET_CLIENT */;
/*!40101 SET @OLD_CHARACTER_SET_RESULTS=@@CHARACTER_SET_RESULTS */;
/*!40101 SET @OLD_COLLATION_CONNECTION=@@COLLATION_CONNECTION */;
/*!40101 SET NAMES utf8mb4 */;

--
-- Database: `toko_buku1`
--

-- --------------------------------------------------------

--
-- Table structure for table `buku`
--

CREATE TABLE `buku` (
  `id_buku` int(11) NOT NULL,
  `judul` varchar(255) DEFAULT NULL,
  `noisbn` int(50) DEFAULT NULL,
  `penulis` varchar(255) DEFAULT NULL,
  `penerbit` varchar(255) DEFAULT NULL,
  `tahun` int(11) DEFAULT NULL,
  `stok` int(50) DEFAULT NULL,
  `harga_pokok` int(255) DEFAULT NULL,
  `harga_jual` int(255) DEFAULT NULL,
  `gambar` varchar(50) NOT NULL
) ENGINE=InnoDB DEFAULT CHARSET=utf8mb4;

--
-- Dumping data for table `buku`
--

INSERT INTO `buku` (`id_buku`, `judul`, `noisbn`, `penulis`, `penerbit`, `tahun`, `stok`, `harga_pokok`, `harga_jual`, `gambar`) VALUES
(18, 'Harry Potter 3', 987654, 'fidho gtg bgt', 'fidho', 2017, 25, 8000, 12000, '354-harrypotter1.jpeg'),
(20, 'Harry Potter', 987611, 'fidhogtg', 'fidhooo', 2020, 17, 7000, 10000, '592-harrypotter2.jpeg'),
(21, 'Potter ', 666, 'J. K. Rowling.', 'fidho cindo gtg', 2005, 7, 5000, 7000, '71-harrypotter.jpeg');

-- --------------------------------------------------------

--
-- Table structure for table `detail_penjualan`
--

CREATE TABLE `detail_penjualan` (
  `id_detail_penjualan` int(11) NOT NULL,
  `id_penjualan` int(11) DEFAULT NULL,
  `id_buku` int(11) DEFAULT NULL,
  `jumlah` int(50) DEFAULT NULL,
  `harga` int(50) DEFAULT NULL,
  `total` int(50) DEFAULT NULL
) ENGINE=InnoDB DEFAULT CHARSET=utf8mb4;

--
-- Dumping data for table `detail_penjualan`
--

INSERT INTO `detail_penjualan` (`id_detail_penjualan`, `id_penjualan`, `id_buku`, `jumlah`, `harga`, `total`) VALUES
(2, 19, 20, 2, 30000, 60000),
(3, 19, 18, 2, 28000, 56000),
(4, 20, 20, 1, 30000, 30000);

-- --------------------------------------------------------

--
-- Table structure for table `distributor`
--

CREATE TABLE `distributor` (
  `id_distributor` int(11) NOT NULL,
  `nama_distributor` varchar(11) NOT NULL,
  `alamat` text NOT NULL,
  `telepon` varchar(25) NOT NULL
) ENGINE=InnoDB DEFAULT CHARSET=utf8mb4;

--
-- Dumping data for table `distributor`
--

INSERT INTO `distributor` (`id_distributor`, `nama_distributor`, `alamat`, `telepon`) VALUES
(3, 'fidho cindo', 'jalanin aja dulu ya kan', '666'),
(5, 'fidhogtg', 'Jalan-jalan3', '123'),
(6, 'fidhogtgbgt', 'Jalan-jalan2', '23123'),
(7, 'fidhooo', 'Jalan-jalan3', '123');

-- --------------------------------------------------------

--
-- Table structure for table `kasir`
--

CREATE TABLE `kasir` (
  `id_kasir` int(11) NOT NULL,
  `nama` varchar(255) NOT NULL,
  `alamat` text NOT NULL,
  `telepon` int(15) NOT NULL,
  `status` enum('0','1') NOT NULL,
  `username` varchar(155) NOT NULL,
  `password` varchar(155) NOT NULL,
  `level` varchar(50) NOT NULL
) ENGINE=InnoDB DEFAULT CHARSET=utf8mb4;

--
-- Dumping data for table `kasir`
--

INSERT INTO `kasir` (`id_kasir`, `nama`, `alamat`, `telepon`, `status`, `username`, `password`, `level`) VALUES
(1, 'fidho ganteng banget', 'jalan-jalan', 132131132, '1', 'fidhogtgbgt', '202cb962ac59075b964b07152d234b70', 'pemilik'),
(5, 'fidhoo', 'jalanin aja dulu', 123312312, '0', 'fidhogtg', '202cb962ac59075b964b07152d234b70', 'admin');

-- --------------------------------------------------------

--
-- Table structure for table `pasok`
--

CREATE TABLE `pasok` (
  `id_pasok` int(11) NOT NULL,
  `id_distributor` int(11) NOT NULL,
  `id_buku` int(11) NOT NULL,
  `jumlah` int(20) NOT NULL,
  `tanggal` date NOT NULL
) ENGINE=InnoDB DEFAULT CHARSET=utf8mb4;

--
-- Dumping data for table `pasok`
--

INSERT INTO `pasok` (`id_pasok`, `id_distributor`, `id_buku`, `jumlah`, `tanggal`) VALUES
(31, 5, 18, 11, '2023-10-04'),
(32, 3, 21, 5, '2023-11-30'),
(33, 7, 18, 2, '2023-11-04');

-- --------------------------------------------------------

--
-- Table structure for table `penjualan`
--

CREATE TABLE `penjualan` (
  `id_penjualan` int(11) NOT NULL,
  `id_kasir` int(11) DEFAULT NULL,
  `total` int(50) DEFAULT NULL,
  `tanggal` date DEFAULT NULL
) ENGINE=InnoDB DEFAULT CHARSET=utf8mb4;

--
-- Dumping data for table `penjualan`
--

INSERT INTO `penjualan` (`id_penjualan`, `id_kasir`, `total`, `tanggal`) VALUES
(19, 1, 116000, '2023-11-01'),
(20, 1, 30000, '2023-11-01'),
(21, 5, 57000, '2023-11-29');

--
-- Indexes for dumped tables
--

--
-- Indexes for table `buku`
--
ALTER TABLE `buku`
  ADD PRIMARY KEY (`id_buku`);

--
-- Indexes for table `detail_penjualan`
--
ALTER TABLE `detail_penjualan`
  ADD PRIMARY KEY (`id_detail_penjualan`),
  ADD KEY `id_penjualan` (`id_penjualan`);

--
-- Indexes for table `distributor`
--
ALTER TABLE `distributor`
  ADD PRIMARY KEY (`id_distributor`);

--
-- Indexes for table `kasir`
--
ALTER TABLE `kasir`
  ADD PRIMARY KEY (`id_kasir`);

--
-- Indexes for table `pasok`
--
ALTER TABLE `pasok`
  ADD PRIMARY KEY (`id_pasok`),
  ADD KEY `id_distributor` (`id_distributor`),
  ADD KEY `id_buku` (`id_buku`);

--
-- Indexes for table `penjualan`
--
ALTER TABLE `penjualan`
  ADD PRIMARY KEY (`id_penjualan`),
  ADD KEY `id_kasir` (`id_kasir`);

--
-- AUTO_INCREMENT for dumped tables
--

--
-- AUTO_INCREMENT for table `buku`
--
ALTER TABLE `buku`
  MODIFY `id_buku` int(11) NOT NULL AUTO_INCREMENT, AUTO_INCREMENT=22;

--
-- AUTO_INCREMENT for table `detail_penjualan`
--
ALTER TABLE `detail_penjualan`
  MODIFY `id_detail_penjualan` int(11) NOT NULL AUTO_INCREMENT, AUTO_INCREMENT=5;

--
-- AUTO_INCREMENT for table `distributor`
--
ALTER TABLE `distributor`
  MODIFY `id_distributor` int(11) NOT NULL AUTO_INCREMENT, AUTO_INCREMENT=8;

--
-- AUTO_INCREMENT for table `kasir`
--
ALTER TABLE `kasir`
  MODIFY `id_kasir` int(11) NOT NULL AUTO_INCREMENT, AUTO_INCREMENT=6;

--
-- AUTO_INCREMENT for table `pasok`
--
ALTER TABLE `pasok`
  MODIFY `id_pasok` int(11) NOT NULL AUTO_INCREMENT, AUTO_INCREMENT=34;

--
-- AUTO_INCREMENT for table `penjualan`
--
ALTER TABLE `penjualan`
  MODIFY `id_penjualan` int(11) NOT NULL AUTO_INCREMENT, AUTO_INCREMENT=22;

--
-- Constraints for dumped tables
--

--
-- Constraints for table `detail_penjualan`
--
ALTER TABLE `detail_penjualan`
  ADD CONSTRAINT `detail_penjualan_ibfk_1` FOREIGN KEY (`id_penjualan`) REFERENCES `penjualan` (`id_penjualan`);

--
-- Constraints for table `pasok`
--
ALTER TABLE `pasok`
  ADD CONSTRAINT `pasok_ibfk_1` FOREIGN KEY (`id_distributor`) REFERENCES `distributor` (`id_distributor`),
  ADD CONSTRAINT `pasok_ibfk_2` FOREIGN KEY (`id_buku`) REFERENCES `buku` (`id_buku`);

--
-- Constraints for table `penjualan`
--
ALTER TABLE `penjualan`
  ADD CONSTRAINT `penjualan_ibfk_2` FOREIGN KEY (`id_kasir`) REFERENCES `kasir` (`id_kasir`);
COMMIT;

/*!40101 SET CHARACTER_SET_CLIENT=@OLD_CHARACTER_SET_CLIENT */;
/*!40101 SET CHARACTER_SET_RESULTS=@OLD_CHARACTER_SET_RESULTS */;
/*!40101 SET COLLATION_CONNECTION=@OLD_COLLATION_CONNECTION */;
